symbol,entry_time,exit_time,side,entry_price,exit_price,sl,tp,lot,reason,pnl,balance_after,probability
GBPCAD,2025-12-18 02:00:00+00:00,2025-12-18 14:00:00+00:00,SELL,1.8430849999999999,1.8470849999999999,1.8470849999999999,1.8350849999999999,0.01,SL,-4.0000000000000036,9996.0,0.2564322054386139
EURAUD,2025-12-18 02:00:00+00:00,2025-12-18 15:00:00+00:00,SELL,1.7781950000000002,1.7701950000000002,1.7821950000000002,1.7701950000000002,0.01,TP,8.000000000000007,10004.0,0.24912165105342865
GBPCAD,2025-12-18 15:00:00+00:00,2025-12-18 19:00:00+00:00,SELL,1.8493549999999999,1.8413549999999999,1.8533549999999999,1.8413549999999999,0.01,TP,8.000000000000007,10012.0,0.25130513310432434
GBPCAD,2025-12-18 19:00:00+00:00,2025-12-19 11:00:00+00:00,SELL,1.842565,1.846565,1.846565,1.834565,0.01,SL,-4.0000000000000036,10008.0,0.2468140572309494
GBPAUD,2025-12-18 14:00:00+00:00,2025-12-19 16:00:00+00:00,SELL,2.0275849999999997,2.0195849999999997,2.0315849999999998,2.0195849999999997,0.01,TP,8.000000000000007,10016.0,0.2513578236103058
GBPAUD,2025-12-19 16:00:00+00:00,2025-12-19 19:00:00+00:00,SELL,2.018645,2.022645,2.022645,2.010645,0.01,SL,-4.0000000000000036,10012.0,0.24953623116016388
GBPCAD,2025-12-19 11:00:00+00:00,2025-12-22 09:00:00+00:00,SELL,1.845585,1.849585,1.849585,1.837585,0.01,SL,-4.0000000000000036,10008.0,0.23945735394954681
GBPAUD,2025-12-19 19:00:00+00:00,2025-12-23 17:00:00+00:00,SELL,2.02198,2.01398,2.02598,2.01398,0.01,TP,8.000000000000007,10016.0,0.24986684322357178
EURAUD,2025-12-22 09:00:00+00:00,2025-12-24 00:00:00+00:00,SELL,1.7663,1.7583,1.7703,1.7583,0.01,TP,8.000000000000007,10024.0,0.23996049165725708
EURCAD,2025-12-18 02:00:00+00:00,2025-12-24 16:00:00+00:00,SELL,1.61818,1.61018,1.62218,1.61018,0.01,TP,8.000000000000007,10032.0,0.2605275809764862
GBPAUD,2025-12-24 16:00:00+00:00,2025-12-26 00:00:00+00:00,SELL,2.012595,2.016595,2.016595,2.004595,0.01,SL,-4.0000000000000036,10028.0,0.24961282312870026
USDJPY,2025-12-26 00:00:00+00:00,2025-12-26 02:00:00+00:00,SELL,155.8905,156.2905,156.2905,155.0905,0.01,SL,-400.0000000000057,9627.999999999995,0.2833937108516693
GBPCAD,2025-12-23 17:00:00+00:00,2025-12-29 00:00:00+00:00,SELL,1.848175,1.840175,1.852175,1.840175,0.01,TP,8.000000000000007,9635.999999999995,0.2531713843345642
GBPUSD,2025-12-24 00:00:00+00:00,2025-12-31 10:00:00+00:00,SELL,1.35128,1.34328,1.35528,1.34328,0.01,TP,8.000000000000007,9643.999999999995,0.27788978815078735
GBPCAD,2025-12-31 10:00:00+00:00,2025-12-31 15:00:00+00:00,SELL,1.840655,1.844655,1.844655,1.832655,0.01,SL,-4.0000000000000036,9639.999999999995,0.2444373220205307
USDJPY,2025-12-29 00:00:00+00:00,2025-12-31 16:00:00+00:00,SELL,156.466,156.866,156.866,155.666,0.01,SL,-400.0000000000057,9239.999999999989,0.28421810269355774
EURAUD,2025-12-31 15:00:00+00:00,2025-12-31 17:00:00+00:00,SELL,1.7568400000000002,1.7608400000000002,1.7608400000000002,1.7488400000000002,0.01,SL,-4.0000000000000036,9235.999999999989,0.24031929671764374
GBPAUD,2025-12-31 16:00:00+00:00,2025-12-31 17:00:00+00:00,SELL,2.012655,2.016655,2.016655,2.004655,0.01,SL,-4.0000000000000036,9231.999999999989,0.24416735768318176
EURAUD,2025-12-31 17:00:00+00:00,2026-01-02 09:00:00+00:00,SELL,1.76085,1.75285,1.76485,1.75285,0.01,TP,8.000000000000007,9239.999999999989,0.24115367233753204
GBPAUD,2025-12-31 17:00:00+00:00,2026-01-02 10:00:00+00:00,SELL,2.016715,2.008715,2.020715,2.008715,0.01,TP,8.000000000000007,9247.999999999989,0.24341899156570435
GBPAUD,2026-01-02 10:00:00+00:00,2026-01-02 15:00:00+00:00,SELL,2.007225,2.011225,2.011225,1.999225,0.01,SL,-4.0000000000000036,9243.999999999989,0.24739885330200195
EURAUD,2026-01-02 09:00:00+00:00,2026-01-02 17:00:00+00:00,SELL,1.7521600000000002,1.7561600000000002,1.7561600000000002,1.7441600000000002,0.01,SL,-4.0000000000000036,9239.999999999989,0.23637886345386505
GBPAUD,2026-01-02 15:00:00+00:00,2026-01-02 17:00:00+00:00,SELL,2.012135,2.016135,2.016135,2.0041349999999998,0.01,SL,-4.0000000000000036,9235.999999999989,0.2369108498096466
EURAUD,2026-01-02 17:00:00+00:00,2026-01-05 04:00:00+00:00,SELL,1.75674,1.74874,1.76074,1.74874,0.01,TP,8.000000000000007,9243.999999999989,0.22715134918689728
GBPCAD,2026-01-05 04:00:00+00:00,2026-01-05 10:00:00+00:00,SELL,1.846355,1.850355,1.850355,1.838355,0.01,SL,-4.0000000000000036,9239.999999999989,0.2414797842502594
GBPCAD,2026-01-05 10:00:00+00:00,2026-01-05 13:00:00+00:00,SELL,1.8501649999999998,1.8541649999999998,1.8541649999999998,1.8421649999999998,0.01,SL,-4.0000000000000036,9235.999999999989,0.24307656288146973
EURAUD,2026-01-05 13:00:00+00:00,2026-01-06 16:00:00+00:00,SELL,1.74761,1.73961,1.7516100000000001,1.73961,0.01,TP,8.000000000000007,9243.999999999989,0.2436724156141281
EURCAD,2026-01-02 17:00:00+00:00,2026-01-07 03:00:00+00:00,SELL,1.612385,1.616385,1.616385,1.604385,0.01,SL,-4.0000000000000036,9239.999999999989,0.23661905527114868
GBPAUD,2026-01-06 16:00:00+00:00,2026-01-07 03:00:00+00:00,SELL,2.008825,2.000825,2.012825,2.000825,0.01,TP,8.000000000000007,9247.999999999989,0.24739716947078705
EURAUD,2026-01-07 03:00:00+00:00,2026-01-07 17:00:00+00:00,SELL,1.732895,1.736895,1.736895,1.724895,0.01,SL,-4.0000000000000036,9243.999999999989,0.24545522034168243
GBPAUD,2026-01-07 17:00:00+00:00,2026-01-08 07:00:00+00:00,SELL,2.003745,2.007745,2.007745,1.9957449999999999,0.01,SL,-4.0000000000000036,9239.999999999989,0.24794980883598328
GBPCAD,2026-01-07 03:00:00+00:00,2026-01-12 15:00:00+00:00,SELL,1.8663349999999999,1.8703349999999999,1.8703349999999999,1.8583349999999998,0.01,SL,-4.0000000000000036,9235.999999999989,0.2502749562263489
GBPAUD,2026-01-12 15:00:00+00:00,2026-01-13 12:00:00+00:00,SELL,2.007125,2.011125,2.011125,1.9991249999999998,0.01,SL,-4.0000000000000036,9231.999999999989,0.2438814789056778
GBPAUD,2026-01-13 12:00:00+00:00,2026-01-15 12:00:00+00:00,SELL,2.0109749999999997,2.0029749999999997,2.0149749999999997,2.0029749999999997,0.01,TP,8.000000000000007,9239.999999999989,0.24599674344062805
EURAUD,2026-01-08 07:00:00+00:00,2026-01-15 17:00:00+00:00,SELL,1.7425350000000002,1.7345350000000002,1.7465350000000002,1.7345350000000002,0.01,TP,8.000000000000007,9247.999999999989,0.2546648383140564
GBPAUD,2026-01-15 12:00:00+00:00,2026-01-15 19:00:00+00:00,SELL,2.003085,1.995085,2.007085,1.995085,0.01,TP,8.000000000000007,9255.999999999989,0.24862073361873627
GBPAUD,2026-01-15 19:00:00+00:00,2026-01-16 14:00:00+00:00,SELL,1.9963099999999998,2.00031,2.00031,1.9883099999999998,0.01,SL,-4.0000000000000036,9251.999999999989,0.2505643665790558
EURAUD,2026-01-15 17:00:00+00:00,2026-01-16 15:00:00+00:00,SELL,1.73168,1.7356800000000001,1.7356800000000001,1.72368,0.01,SL,-4.0000000000000036,9247.999999999989,0.24502737820148468
GBPAUD,2026-01-16 14:00:00+00:00,2026-01-16 16:00:00+00:00,SELL,1.999705,2.003705,2.003705,1.991705,0.01,SL,-4.0000000000000036,9243.999999999989,0.2476133555173874
EURAUD,2026-01-16 15:00:00+00:00,2026-01-19 02:00:00+00:00,SELL,1.73552,1.73952,1.73952,1.72752,0.01,SL,-4.0000000000000036,9239.999999999989,0.24438782036304474
GBPAUD,2026-01-16 16:00:00+00:00,2026-01-20 06:00:00+00:00,SELL,2.003665,1.9956649999999998,2.007665,1.9956649999999998,0.01,TP,8.000000000000007,9247.999999999989,0.24561873078346252
EURCAD,2026-01-20 06:00:00+00:00,2026-01-20 10:00:00+00:00,SELL,1.6155899999999999,1.6195899999999999,1.6195899999999999,1.6075899999999999,0.01,SL,-4.0000000000000036,9243.999999999989,0.25489509105682373
EURAUD,2026-01-19 02:00:00+00:00,2026-01-20 11:00:00+00:00,SELL,1.737765,1.741765,1.741765,1.729765,0.01,SL,-4.0000000000000036,9239.999999999989,0.2487112283706665
EURCAD,2026-01-20 11:00:00+00:00,2026-01-20 15:00:00+00:00,SELL,1.6213600000000001,1.6253600000000001,1.6253600000000001,1.6133600000000001,0.01,SL,-4.0000000000000036,9235.999999999989,0.25095656514167786
GBPCAD,2026-01-20 10:00:00+00:00,2026-01-21 00:00:00+00:00,SELL,1.864015,1.856015,1.868015,1.856015,0.01,TP,8.000000000000007,9243.999999999989,0.25025272369384766
GBPAUD,2026-01-20 15:00:00+00:00,2026-01-21 08:00:00+00:00,SELL,1.998425,1.9904249999999999,2.0024249999999997,1.9904249999999999,0.01,TP,8.000000000000007,9251.999999999989,0.24509525299072266
NOKJPY,2025-12-26 02:00:00+00:00,2026-01-22 10:00:00+00:00,SELL,15.615,16.015,16.015,14.815,0.01,SL,-400.0000000000004,8851.999999999989,0.24632203578948975
GBPAUD,2026-01-22 10:00:00+00:00,2026-01-22 11:00:00+00:00,SELL,1.9727449999999997,1.9767449999999998,1.9767449999999998,1.9647449999999997,0.01,SL,-4.0000000000000036,8847.999999999989,0.2336067110300064
GBPUSD,2026-01-21 00:00:00+00:00,2026-01-22 17:00:00+00:00,SELL,1.3437700000000001,1.3477700000000001,1.3477700000000001,1.3357700000000001,0.01,SL,-4.0000000000000036,8843.999999999989,0.26179039478302
GBPAUD,2026-01-22 11:00:00+00:00,2026-01-23 08:00:00+00:00,SELL,1.976105,1.968105,1.980105,1.968105,0.01,TP,8.000000000000007,8851.999999999989,0.2329733967781067
GBPAUD,2026-01-23 08:00:00+00:00,2026-01-23 09:00:00+00:00,SELL,1.96787,1.97187,1.97187,1.95987,0.01,SL,-4.0000000000000036,8847.999999999989,0.23301242291927338
GBPAUD,2026-01-23 09:00:00+00:00,2026-01-23 11:00:00+00:00,SELL,1.9713949999999998,1.9753949999999998,1.9753949999999998,1.9633949999999998,0.01,SL,-4.0000000000000036,8843.999999999989,0.23917582631111145
EURAUD,2026-01-22 17:00:00+00:00,2026-01-23 14:00:00+00:00,SELL,1.71892,1.71092,1.72292,1.71092,0.01,TP,8.000000000000007,8851.999999999989,0.24095842242240906
GBPCAD,2026-01-23 14:00:00+00:00,2026-01-23 19:00:00+00:00,SELL,1.862275,1.866275,1.866275,1.854275,0.01,SL,-4.0000000000000036,8847.999999999989,0.2456374317407608
EURCAD,2026-01-21 08:00:00+00:00,2026-01-26 00:00:00+00:00,SELL,1.621145,1.625145,1.625145,1.613145,0.01,SL,-4.0000000000000036,8843.999999999989,0.24831824004650116
GBPCAD,2026-01-23 19:00:00+00:00,2026-01-26 00:00:00+00:00,SELL,1.8658350000000001,1.8698350000000001,1.8698350000000001,1.8578350000000001,0.01,SL,-4.0000000000000036,8839.999999999989,0.2441314309835434
USDJPY,2026-01-26 00:00:00+00:00,2026-01-26 01:00:00+00:00,SELL,154.518,154.918,154.918,153.718,0.01,SL,-400.0000000000057,8439.999999999984,0.2509751319885254
AUDJPY,2026-01-26 01:00:00+00:00,2026-01-26 06:00:00+00:00,SELL,107.245,106.44500000000001,107.64500000000001,106.44500000000001,0.01,TP,799.9999999999972,9239.99999999998,0.24842701852321625
GBPJPY,2026-01-26 06:00:00+00:00,2026-01-26 08:00:00+00:00,SELL,210.381,210.781,210.781,209.581,0.01,SL,-400.0000000000057,8839.999999999975,0.24960315227508545
CHFJPY,2026-01-26 08:00:00+00:00,2026-01-26 10:00:00+00:00,SELL,198.269,197.469,198.669,197.469,0.01,TP,800.0000000000114,9639.999999999985,0.2457893341779709
CHFJPY,2026-01-26 10:00:00+00:00,2026-01-26 13:00:00+00:00,SELL,198.057,197.25699999999998,198.457,197.25699999999998,0.01,TP,800.0000000000114,10439.999999999996,0.24544700980186462
GBPUSD,2026-01-26 13:00:00+00:00,2026-01-26 17:00:00+00:00,SELL,1.3665699999999998,1.3705699999999998,1.3705699999999998,1.3585699999999998,0.01,SL,-4.0000000000000036,10435.999999999996,0.23490901291370392
GBPUSD,2026-01-26 17:00:00+00:00,2026-01-27 15:00:00+00:00,SELL,1.37076,1.37476,1.37476,1.36276,0.01,SL,-4.0000000000000036,10431.999999999996,0.22739824652671814
GBPUSD,2026-01-27 15:00:00+00:00,2026-01-27 16:00:00+00:00,SELL,1.37354,1.37754,1.37754,1.36554,0.01,SL,-4.0000000000000036,10427.999999999996,0.23406317830085754
GBPAUD,2026-01-23 11:00:00+00:00,2026-01-28 00:00:00+00:00,SELL,1.9775749999999999,1.9695749999999999,1.9815749999999999,1.9695749999999999,0.01,TP,8.000000000000007,10435.999999999996,0.23380409181118011
GBPCAD,2026-01-27 16:00:00+00:00,2026-01-28 11:00:00+00:00,SELL,1.878015,1.870015,1.882015,1.870015,0.01,TP,8.000000000000007,10443.999999999996,0.24265269935131073
EURJPY,2026-01-28 00:00:00+00:00,2026-01-28 14:00:00+00:00,SELL,183.407,182.607,183.80700000000002,182.607,0.01,TP,800.0000000000114,11244.000000000007,0.24195681512355804
EURAUD,2026-01-28 14:00:00+00:00,2026-01-28 21:00:00+00:00,SELL,1.7105000000000001,1.7025000000000001,1.7145000000000001,1.7025000000000001,0.01,TP,8.000000000000007,11252.000000000007,0.2356715202331543
GBPUSD,2026-01-28 11:00:00+00:00,2026-01-29 01:00:00+00:00,SELL,1.37868,1.38268,1.38268,1.37068,0.01,SL,-4.0000000000000036,11248.000000000007,0.22996856272220612
GBPUSD,2026-01-29 01:00:00+00:00,2026-01-29 17:00:00+00:00,SELL,1.38264,1.37464,1.38664,1.37464,0.01,TP,8.000000000000007,11256.000000000007,0.2282068431377411
GBPUSD,2026-01-29 17:00:00+00:00,2026-01-29 19:00:00+00:00,SELL,1.3763299999999998,1.3803299999999998,1.3803299999999998,1.3683299999999998,0.01,SL,-4.0000000000000036,11252.000000000007,0.2245204597711563
GBPCAD,2026-01-28 21:00:00+00:00,2026-01-29 20:00:00+00:00,SELL,1.871235,1.863235,1.875235,1.863235,0.01,TP,8.000000000000007,11260.000000000007,0.23418176174163818
USDJPY,2026-01-29 20:00:00+00:00,2026-01-30 02:00:00+00:00,SELL,153.0145,153.4145,153.4145,152.2145,0.01,SL,-400.0000000000057,10860.000000000002,0.24519428610801697
GBPUSD,2026-01-29 19:00:00+00:00,2026-01-30 17:00:00+00:00,SELL,1.3797300000000001,1.3717300000000001,1.3837300000000001,1.3717300000000001,0.01,TP,8.000000000000007,10868.000000000002,0.2414202243089676
EURCAD,2026-01-30 02:00:00+00:00,2026-02-02 01:00:00+00:00,SELL,1.6124699999999998,1.6164699999999999,1.6164699999999999,1.6044699999999998,0.01,SL,-4.0000000000000036,10864.000000000002,0.2402229756116867
GBPUSD,2026-01-30 17:00:00+00:00,2026-02-02 16:00:00+00:00,SELL,1.3719899999999998,1.3639899999999998,1.3759899999999998,1.3639899999999998,0.01,TP,8.000000000000007,10872.000000000002,0.24476854503154755
GBPAUD,2026-02-02 16:00:00+00:00,2026-02-02 20:00:00+00:00,SELL,1.963515,1.967515,1.967515,1.955515,0.01,SL,-4.0000000000000036,10868.000000000002,0.22944475710391998
NZDJPY,2026-02-02 01:00:00+00:00,2026-02-03 03:00:00+00:00,SELL,93.2385,93.63850000000001,93.63850000000001,92.4385,0.1,SL,-4000.000000000057,6867.999999999945,0.245571106672287
GBPAUD,2026-02-02 20:00:00+00:00,2026-02-03 05:00:00+00:00,SELL,1.9668299999999999,1.9588299999999998,1.9708299999999999,1.9588299999999998,0.01,TP,8.000000000000007,6875.999999999945,0.2369920164346695
EURAUD,2026-02-03 03:00:00+00:00,2026-02-03 05:00:00+00:00,SELL,1.6929950000000002,1.6849950000000002,1.6969950000000003,1.6849950000000002,0.01,TP,8.000000000000007,6883.999999999945,0.2265012115240097
EURAUD,2026-02-03 05:00:00+00:00,2026-02-03 06:00:00+00:00,SELL,1.681205,1.685205,1.685205,1.673205,0.01,SL,-4.0000000000000036,6879.999999999945,0.23012343049049377
EURAUD,2026-02-03 06:00:00+00:00,2026-02-03 09:00:00+00:00,SELL,1.684885,1.676885,1.688885,1.676885,0.01,TP,8.000000000000007,6887.999999999945,0.23783737421035767
EURAUD,2026-02-03 09:00:00+00:00,2026-02-03 11:00:00+00:00,SELL,1.6776600000000002,1.6816600000000002,1.6816600000000002,1.6696600000000001,0.01,SL,-4.0000000000000036,6883.999999999945,0.23210200667381287
EURAUD,2026-02-03 11:00:00+00:00,2026-02-03 17:00:00+00:00,SELL,1.68285,1.68685,1.68685,1.67485,0.01,SL,-4.0000000000000036,6879.999999999945,0.2270931452512741
EURAUD,2026-02-03 17:00:00+00:00,2026-02-03 21:00:00+00:00,SELL,1.68395,1.68795,1.68795,1.67595,0.01,SL,-4.0000000000000036,6875.999999999945,0.22304630279541016
NOKJPY,2026-01-26 00:00:00+00:00,2026-02-04 10:00:00+00:00,SELL,15.8685,16.2685,16.2685,15.068499999999998,0.01,SL,-400.0000000000004,6475.999999999945,0.24741755425930023
EURAUD,2026-02-03 21:00:00+00:00,2026-02-04 18:00:00+00:00,SELL,1.68573,1.68973,1.68973,1.67773,0.01,SL,-4.0000000000000036,6471.999999999945,0.23497551679611206
GBPAUD,2026-02-04 18:00:00+00:00,2026-02-04 19:00:00+00:00,SELL,1.952065,1.956065,1.956065,1.944065,0.01,SL,-4.0000000000000036,6467.999999999945,0.25408607721328735
GBPCAD,2026-02-04 10:00:00+00:00,2026-02-04 23:00:00+00:00,SELL,1.8719849999999998,1.8639849999999998,1.8759849999999998,1.8639849999999998,0.01,TP,8.000000000000007,6475.999999999945,0.24488456547260284
NZDJPY,2026-02-04 19:00:00+00:00,2026-02-05 00:00:00+00:00,SELL,93.806,94.206,94.206,93.006,0.1,SL,-4000.000000000057,2475.9999999998886,0.2551009953022003
USDCAD,2026-02-03 05:00:00+00:00,2026-02-05 11:00:00+00:00,SELL,1.365715,1.369715,1.369715,1.357715,0.01,SL,-4.0000000000000036,2471.9999999998886,0.22087536752223969
GBPUSD,2026-02-05 00:00:00+00:00,2026-02-05 11:00:00+00:00,SELL,1.3648799999999999,1.3568799999999999,1.3688799999999999,1.3568799999999999,0.01,TP,8.000000000000007,2479.9999999998886,0.2533745765686035
GBPCAD,2026-02-04 23:00:00+00:00,2026-02-05 14:00:00+00:00,SELL,1.86375,1.85575,1.86775,1.85575,0.01,TP,8.000000000000007,2487.9999999998886,0.2475379854440689
EURAUD,2026-02-05 11:00:00+00:00,2026-02-05 15:00:00+00:00,SELL,1.69083,1.69483,1.69483,1.68283,0.01,SL,-4.0000000000000036,2483.9999999998886,0.23882189393043518
GBPCAD,2026-02-05 14:00:00+00:00,2026-02-05 16:00:00+00:00,SELL,1.8582249999999998,1.8502249999999998,1.8622249999999998,1.8502249999999998,0.01,TP,8.000000000000007,2491.9999999998886,0.24159002304077148
GBPCAD,2026-02-05 16:00:00+00:00,2026-02-05 18:00:00+00:00,SELL,1.849545,1.853545,1.853545,1.841545,0.01,SL,-4.0000000000000036,2487.9999999998886,0.2389293909072876
EURAUD,2026-02-05 15:00:00+00:00,2026-02-05 23:00:00+00:00,SELL,1.6948,1.6988,1.6988,1.6868,0.01,SL,-4.0000000000000036,2483.9999999998886,0.2420884519815445
NZDJPY,2026-02-05 11:00:00+00:00,2026-02-06 00:00:00+00:00,SELL,94.066,93.266,94.46600000000001,93.266,0.1,TP,7999.999999999971,10483.99999999986,0.2478853166103363
GBPCAD,2026-02-05 18:00:00+00:00,2026-02-06 05:00:00+00:00,SELL,1.852225,1.856225,1.856225,1.844225,0.01,SL,-4.0000000000000036,10479.99999999986,0.2428324967622757
GBPUSD,2026-02-05 23:00:00+00:00,2026-02-06 08:00:00+00:00,SELL,1.3529700000000002,1.3569700000000002,1.3569700000000002,1.3449700000000002,0.01,SL,-4.0000000000000036,10475.99999999986,0.24569059908390045
EURAUD,2026-02-06 05:00:00+00:00,2026-02-06 13:00:00+00:00,SELL,1.6979350000000002,1.6899350000000002,1.7019350000000002,1.6899350000000002,0.01,TP,8.000000000000007,10483.99999999986,0.2412966638803482
GBPUSD,2026-02-06 08:00:00+00:00,2026-02-06 17:00:00+00:00,SELL,1.357175,1.361175,1.361175,1.349175,0.01,SL,-4.0000000000000036,10479.99999999986,0.2519396245479584
NZDJPY,2026-02-06 17:00:00+00:00,2026-02-09 00:00:00+00:00,SELL,94.327,94.727,94.727,93.527,0.1,SL,-4000.000000000057,6479.999999999804,0.2455916404724121
EURAUD,2026-02-06 13:00:00+00:00,2026-02-09 01:00:00+00:00,SELL,1.68778,1.67978,1.69178,1.67978,0.01,TP,8.000000000000007,6487.999999999804,0.2325167953968048
USDJPY,2026-02-09 00:00:00+00:00,2026-02-09 03:00:00+00:00,SELL,157.4135,156.6135,157.8135,156.6135,0.01,TP,800.0000000000114,7287.9999999998145,0.2857300639152527
NZDJPY,2026-02-09 01:00:00+00:00,2026-02-09 03:00:00+00:00,SELL,94.81949999999999,94.0195,95.2195,94.0195,0.1,TP,7999.999999999971,15287.999999999785,0.24561583995819092
EURCAD,2026-02-06 00:00:00+00:00,2026-02-09 11:00:00+00:00,SELL,1.61443,1.61843,1.61843,1.60643,0.01,SL,-4.0000000000000036,15283.999999999785,0.2724621295928955
EURAUD,2026-02-09 03:00:00+00:00,2026-02-09 12:00:00+00:00,SELL,1.6844450000000002,1.6884450000000002,1.6884450000000002,1.6764450000000002,0.01,SL,-4.0000000000000036,15279.999999999785,0.23767170310020447
EURAUD,2026-02-09 12:00:00+00:00,2026-02-09 17:00:00+00:00,SELL,1.6889800000000001,1.6809800000000001,1.6929800000000002,1.6809800000000001,0.01,TP,8.000000000000007,15287.999999999785,0.24903292953968048
NZDJPY,2026-02-09 03:00:00+00:00,2026-02-10 16:00:00+00:00,SELL,94.203,93.403,94.60300000000001,93.403,0.1,TP,7999.999999999971,23287.999999999756,0.24548079073429108
EURCAD,2026-02-09 11:00:00+00:00,2026-02-10 17:00:00+00:00,SELL,1.61839,1.61039,1.62239,1.61039,0.01,TP,8.000000000000007,23295.999999999756,0.24920502305030823
NZDJPY,2026-02-10 17:00:00+00:00,2026-02-11 15:00:00+00:00,SELL,93.384,92.584,93.784,92.584,0.1,TP,7999.999999999971,31295.999999999727,0.24542248249053955
NZDJPY,2026-02-11 15:00:00+00:00,2026-02-12 00:00:00+00:00,SELL,93.094,92.294,93.494,92.294,0.1,TP,7999.999999999971,39295.999999999694,0.24536041915416718
USDJPY,2026-02-12 00:00:00+00:00,2026-02-12 05:00:00+00:00,SELL,153.12800000000001,152.328,153.52800000000002,152.328,0.01,TP,800.0000000000114,40095.99999999971,0.2455025315284729
EURAUD,2026-02-12 05:00:00+00:00,2026-02-12 10:00:00+00:00,SELL,1.664595,1.668595,1.668595,1.656595,0.01,SL,-4.0000000000000036,40091.99999999971,0.24261634051799774
USDJPY,2026-02-12 10:00:00+00:00,2026-02-12 13:00:00+00:00,SELL,152.9165,153.31650000000002,153.31650000000002,152.1165,0.01,SL,-400.0000000000057,39691.9999999997,0.24490945041179657
USDJPY,2026-02-12 13:00:00+00:00,2026-02-12 14:00:00+00:00,SELL,153.3095,153.70950000000002,153.70950000000002,152.5095,0.01,SL,-400.0000000000057,39291.999999999694,0.24486805498600006
USDJPY,2026-02-12 14:00:00+00:00,2026-02-12 17:00:00+00:00,SELL,153.6645,152.8645,154.0645,152.8645,0.01,TP,800.0000000000114,40091.99999999971,0.24485918879508972
GBPJPY,2026-02-12 17:00:00+00:00,2026-02-12 18:00:00+00:00,SELL,208.4245,207.62449999999998,208.8245,207.62449999999998,0.01,TP,800.0000000000114,40891.99999999972,0.24476684629917145
GBPJPY,2026-02-12 18:00:00+00:00,2026-02-13 03:00:00+00:00,SELL,208.0805,208.4805,208.4805,207.2805,0.01,SL,-400.0000000000057,40491.999999999716,0.24448277056217194
GBPUSD,2026-02-10 16:00:00+00:00,2026-02-13 08:00:00+00:00,SELL,1.36768,1.35968,1.37168,1.35968,0.01,TP,8.000000000000007,40499.999999999716,0.24493445456027985
GBPJPY,2026-02-13 08:00:00+00:00,2026-02-13 10:00:00+00:00,SELL,208.642,209.042,209.042,207.84199999999998,0.01,SL,-400.0000000000057,40099.99999999971,0.24456174671649933
USDJPY,2026-02-13 03:00:00+00:00,2026-02-13 11:00:00+00:00,SELL,153.26250000000002,153.66250000000002,153.66250000000002,152.4625,0.01,SL,-400.0000000000057,39699.9999999997,0.24385496973991394
EURAUD,2026-02-13 10:00:00+00:00,2026-02-13 13:00:00+00:00,SELL,1.6762500000000002,1.6802500000000002,1.6802500000000002,1.6682500000000002,0.01,SL,-4.0000000000000036,39695.9999999997,0.2444174885749817
USDJPY,2026-02-13 11:00:00+00:00,2026-02-13 19:00:00+00:00,SELL,153.5055,152.7055,153.90550000000002,152.7055,0.01,TP,800.0000000000114,40495.999999999716,0.24360540509223938
EURAUD,2026-02-13 13:00:00+00:00,2026-02-16 06:00:00+00:00,SELL,1.68189,1.67389,1.68589,1.67389,0.01,TP,8.000000000000007,40503.999999999716,0.24296057224273682
USDJPY,2026-02-13 19:00:00+00:00,2026-02-16 06:00:00+00:00,SELL,152.7995,153.1995,153.1995,151.99949999999998,0.01,SL,-400.0000000000057,40103.99999999971,0.243379607796669
GBPNZD,2026-02-16 06:00:00+00:00,2026-02-17 09:00:00+00:00,SELL,2.26089,2.25289,2.26489,2.25289,0.01,TP,8.000000000000007,40111.99999999971,0.24385380744934082
EURAUD,2026-02-17 09:00:00+00:00,2026-02-17 16:00:00+00:00,SELL,1.67499,1.67899,1.67899,1.66699,0.01,SL,-4.0000000000000036,40107.99999999971,0.24189506471157074
EURAUD,2026-02-17 16:00:00+00:00,2026-02-17 20:00:00+00:00,SELL,1.67974,1.67174,1.68374,1.67174,0.01,TP,8.000000000000007,40115.99999999971,0.24084702134132385
CADJPY,2026-02-16 06:00:00+00:00,2026-02-18 16:00:00+00:00,SELL,112.5185,112.91850000000001,112.91850000000001,111.7185,0.01,SL,-400.0000000000057,39715.9999999997,0.24376986920833588
AUDJPY,2026-02-17 20:00:00+00:00,2026-02-18 17:00:00+00:00,SELL,108.6685,109.0685,109.0685,107.8685,0.01,SL,-400.0000000000057,39315.999999999694,0.2458336353302002
NZDJPY,2026-02-18 16:00:00+00:00,2026-02-19 09:00:00+00:00,SELL,92.357,92.757,92.757,91.557,0.1,SL,-4000.000000000057,35315.999999999636,0.24655306339263916
EURAUD,2026-02-18 17:00:00+00:00,2026-02-20 17:00:00+00:00,SELL,1.67168,1.66368,1.67568,1.66368,0.01,TP,8.000000000000007,35323.999999999636,0.25215792655944824
AUDJPY,2026-02-19 09:00:00+00:00,2026-02-20 17:00:00+00:00,SELL,109.61550000000001,110.01550000000002,110.01550000000002,108.81550000000001,0.01,SL,-400.0000000000057,34923.99999999963,0.25904056429862976
EURAUD,2026-02-20 17:00:00+00:00,2026-02-23 02:00:00+00:00,SELL,1.6635600000000001,1.6675600000000002,1.6675600000000002,1.6555600000000001,0.01,SL,-4.0000000000000036,34919.99999999963,0.24543635547161102
AUDJPY,2026-02-20 17:00:00+00:00,2026-02-23 18:00:00+00:00,SELL,109.71650000000001,108.91650000000001,110.11650000000002,108.91650000000001,0.01,TP,799.9999999999972,35719.99999999963,0.2456141710281372
GBPCAD,2026-02-23 02:00:00+00:00,2026-02-24 16:00:00+00:00,SELL,1.847065,1.851065,1.851065,1.839065,0.01,SL,-4.0000000000000036,35715.99999999963,0.25844961404800415
EURAUD,2026-02-23 18:00:00+00:00,2026-02-25 02:00:00+00:00,SELL,1.67179,1.66379,1.6757900000000001,1.66379,0.01,TP,8.000000000000007,35723.99999999963,0.24358302354812622
EURAUD,2026-02-25 02:00:00+00:00,2026-02-26 00:00:00+00:00,SELL,1.6639750000000002,1.6559750000000002,1.6679750000000002,1.6559750000000002,0.01,TP,8.000000000000007,35731.99999999963,0.24917659163475037
GBPUSD,2026-02-26 00:00:00+00:00,2026-02-26 19:00:00+00:00,SELL,1.35542,1.34742,1.35942,1.34742,0.01,TP,8.000000000000007,35739.99999999963,0.27220043540000916
GBPUSD,2026-02-26 19:00:00+00:00,2026-02-27 05:00:00+00:00,SELL,1.3451000000000002,1.3491000000000002,1.3491000000000002,1.3371000000000002,0.01,SL,-4.0000000000000036,35735.99999999963,0.251152366399765
EURCAD,2026-02-24 16:00:00+00:00,2026-03-02 00:00:00+00:00,SELL,1.614705,1.606705,1.618705,1.606705,0.01,TP,8.000000000000007,35743.99999999963,0.24025201797485352
GBPUSD,2026-02-27 05:00:00+00:00,2026-03-02 00:00:00+00:00,SELL,1.3491300000000002,1.3411300000000002,1.3531300000000002,1.3411300000000002,0.01,TP,8.000000000000007,35751.99999999963,0.24359530210494995
GBPUSD,2026-03-02 00:00:00+00:00,2026-03-02 03:00:00+00:00,SELL,1.34124,1.34524,1.34524,1.33324,0.01,SL,-4.0000000000000036,35747.99999999963,0.27923017740249634
EURAUD,2026-03-02 03:00:00+00:00,2026-03-02 20:00:00+00:00,SELL,1.659105,1.651105,1.663105,1.651105,0.01,TP,8.000000000000007,35755.99999999963,0.2563466429710388
AUDJPY,2026-03-02 20:00:00+00:00,2026-03-03 03:00:00+00:00,SELL,111.4465,111.8465,111.8465,110.6465,0.01,SL,-400.0000000000057,35355.99999999962,0.24646854400634766
AUDJPY,2026-03-03 03:00:00+00:00,2026-03-03 12:00:00+00:00,SELL,111.658,110.858,112.058,110.858,0.01,TP,799.9999999999972,36155.99999999962,0.24615275859832764
GBPCAD,2026-03-03 12:00:00+00:00,2026-03-03 16:00:00+00:00,SELL,1.821475,1.825475,1.825475,1.813475,0.01,SL,-4.0000000000000036,36151.99999999962,0.23856662213802338
GBPCAD,2026-03-03 16:00:00+00:00,2026-03-04 12:00:00+00:00,SELL,1.824225,1.828225,1.828225,1.816225,0.01,SL,-4.0000000000000036,36147.99999999962,0.239388108253479
GBPAUD,2026-03-04 12:00:00+00:00,2026-03-04 17:00:00+00:00,SELL,1.898625,1.890625,1.902625,1.890625,0.01,TP,8.000000000000007,36155.99999999962,0.2377321720123291
GBPAUD,2026-03-04 17:00:00+00:00,2026-03-05 08:00:00+00:00,SELL,1.889945,1.893945,1.893945,1.881945,0.01,SL,-4.0000000000000036,36151.99999999962,0.23424841463565826
GBPAUD,2026-03-05 08:00:00+00:00,2026-03-05 09:00:00+00:00,SELL,1.89144,1.89544,1.89544,1.88344,0.01,SL,-4.0000000000000036,36147.99999999962,0.2420610785484314
GBPAUD,2026-03-05 09:00:00+00:00,2026-03-05 16:00:00+00:00,SELL,1.8960949999999999,1.9000949999999999,1.9000949999999999,1.8880949999999999,0.01,SL,-4.0000000000000036,36143.99999999962,0.2440365105867386
GBPUSD,2026-03-05 16:00:00+00:00,2026-03-06 15:00:00+00:00,SELL,1.3343699999999998,1.3383699999999998,1.3383699999999998,1.3263699999999998,0.01,SL,-4.0000000000000036,36139.99999999962,0.24308232963085175
GBPNOK,2026-03-06 15:00:00+00:00,2026-03-06 16:00:00+00:00,SELL,12.896419999999999,12.900419999999999,12.900419999999999,12.88842,0.01,SL,-3.9999999999995595,36135.99999999962,0.23017047345638275
AUDJPY,2026-03-06 16:00:00+00:00,2026-03-06 17:00:00+00:00,SELL,110.214,110.614,110.614,109.414,0.01,SL,-400.0000000000057,35735.999999999614,0.24532006680965424
AUDJPY,2026-03-06 17:00:00+00:00,2026-03-06 20:00:00+00:00,SELL,110.376,110.77600000000001,110.77600000000001,109.57600000000001,0.01,SL,-400.0000000000057,35335.99999999961,0.24533985555171967
AUDJPY,2026-03-06 20:00:00+00:00,2026-03-09 06:00:00+00:00,SELL,110.776,111.176,111.176,109.976,0.01,SL,-400.0000000000057,34935.9999999996,0.24558483064174652
NZDJPY,2026-03-09 06:00:00+00:00,2026-03-09 11:00:00+00:00,SELL,93.177,93.57700000000001,93.57700000000001,92.37700000000001,0.1,SL,-4000.000000000057,30935.99999999954,0.2473812848329544
USDSEK,2026-03-09 11:00:00+00:00,2026-03-09 12:00:00+00:00,SELL,9.24205,9.24605,9.24605,9.234050000000002,0.01,SL,-3.9999999999995595,30931.99999999954,0.2454809546470642
AUDSEK,2026-03-09 12:00:00+00:00,2026-03-09 13:00:00+00:00,SELL,6.485635,6.489635,6.489635,6.477635,0.01,SL,-3.9999999999995595,30927.99999999954,0.21883927285671234
AUDSEK,2026-03-09 13:00:00+00:00,2026-03-09 14:00:00+00:00,SELL,6.487075,6.4910749999999995,6.4910749999999995,6.479075,0.01,SL,-3.9999999999995595,30923.99999999954,0.2199804037809372
AUDSEK,2026-03-09 14:00:00+00:00,2026-03-09 15:00:00+00:00,SELL,6.494055,6.486055,6.498055,6.486055,0.01,TP,8.000000000000007,30931.99999999954,0.22153028845787048
AUDSEK,2026-03-09 15:00:00+00:00,2026-03-09 16:00:00+00:00,SELL,6.487455000000001,6.491455,6.491455,6.479455000000001,0.01,SL,-3.9999999999995595,30927.99999999954,0.2222745418548584
AUDSEK,2026-03-09 16:00:00+00:00,2026-03-09 17:00:00+00:00,SELL,6.503165,6.495165,6.507165,6.495165,0.01,TP,8.000000000000007,30935.99999999954,0.22100217640399933
AUDSEK,2026-03-09 17:00:00+00:00,2026-03-09 18:00:00+00:00,SELL,6.482325,6.486325,6.486325,6.474325,0.01,SL,-3.9999999999995595,30931.99999999954,0.22137436270713806
AUDSEK,2026-03-09 18:00:00+00:00,2026-03-09 19:00:00+00:00,SELL,6.479235,6.471235,6.483235,6.471235,0.01,TP,8.000000000000007,30939.99999999954,0.21845771372318268
AUDSEK,2026-03-09 19:00:00+00:00,2026-03-09 20:00:00+00:00,SELL,6.478095000000001,6.482095,6.482095,6.470095000000001,0.01,SL,-3.9999999999995595,30935.99999999954,0.21764719486236572
GBPNOK,2026-03-09 20:00:00+00:00,2026-03-09 21:00:00+00:00,SELL,12.887255,12.891255,12.891255,12.879255,0.01,SL,-3.9999999999995595,30931.99999999954,0.21457278728485107
GBPNOK,2026-03-09 21:00:00+00:00,2026-03-09 22:00:00+00:00,SELL,12.911435,12.915435,12.915435,12.903435000000002,0.01,SL,-3.9999999999995595,30927.99999999954,0.21035104990005493
GBPNOK,2026-03-09 22:00:00+00:00,2026-03-09 23:00:00+00:00,SELL,12.857815,12.861815,12.861815,12.849815000000001,0.01,SL,-3.9999999999995595,30923.99999999954,0.21100088953971863
GBPNOK,2026-03-09 23:00:00+00:00,2026-03-10 00:00:00+00:00,SELL,12.86453,12.86853,12.86853,12.856530000000001,0.01,SL,-3.9999999999995595,30919.99999999954,0.2065722495317459
GBPNOK,2026-03-10 00:00:00+00:00,2026-03-10 01:00:00+00:00,SELL,12.886045000000001,12.890045,12.890045,12.878045000000002,0.01,SL,-3.9999999999995595,30915.99999999954,0.20279277861118317
AUDSEK,2026-03-10 01:00:00+00:00,2026-03-10 04:00:00+00:00,SELL,6.463015,6.467015,6.467015,6.455015,0.01,SL,-3.9999999999995595,30911.99999999954,0.2158532738685608
AUDSEK,2026-03-10 04:00:00+00:00,2026-03-10 05:00:00+00:00,SELL,6.459175,6.463175,6.463175,6.451175,0.01,SL,-3.9999999999995595,30907.99999999954,0.21223078668117523
AUDSEK,2026-03-10 05:00:00+00:00,2026-03-10 07:00:00+00:00,SELL,6.467195,6.471195,6.471195,6.459195,0.01,SL,-3.9999999999995595,30903.99999999954,0.21504764258861542
AUDSEK,2026-03-10 07:00:00+00:00,2026-03-10 08:00:00+00:00,SELL,6.470115,6.474114999999999,6.474114999999999,6.462115,0.01,SL,-3.9999999999995595,30899.99999999954,0.22278574109077454
AUDSEK,2026-03-10 08:00:00+00:00,2026-03-10 09:00:00+00:00,SELL,6.4807950000000005,6.484795,6.484795,6.4727950000000005,0.01,SL,-3.9999999999995595,30895.99999999954,0.22430191934108734
GBPNOK,2026-03-10 09:00:00+00:00,2026-03-10 10:00:00+00:00,SELL,12.93736,12.94136,12.94136,12.92936,0.01,SL,-3.9999999999995595,30891.99999999954,0.22518260776996613
GBPNOK,2026-03-10 10:00:00+00:00,2026-03-10 11:00:00+00:00,SELL,12.94106,12.933060000000001,12.94506,12.933060000000001,0.01,TP,7.999999999999119,30899.99999999954,0.22774924337863922
GBPNOK,2026-03-10 11:00:00+00:00,2026-03-10 12:00:00+00:00,SELL,12.915175,12.919175,12.919175,12.907175,0.01,SL,-3.9999999999995595,30895.99999999954,0.22771623730659485
GBPNOK,2026-03-10 12:00:00+00:00,2026-03-10 13:00:00+00:00,SELL,12.903175000000001,12.907175,12.907175,12.895175000000002,0.01,SL,-3.9999999999995595,30891.99999999954,0.2274722009897232
GBPNOK,2026-03-10 13:00:00+00:00,2026-03-10 14:00:00+00:00,SELL,12.888355,12.892355,12.892355,12.880355000000002,0.01,SL,-3.9999999999995595,30887.99999999954,0.22906237840652466
GBPNOK,2026-03-10 14:00:00+00:00,2026-03-10 15:00:00+00:00,SELL,12.881465,12.885465,12.885465,12.873465000000001,0.01,SL,-3.9999999999995595,30883.99999999954,0.23107723891735077
GBPSEK,2026-03-10 15:00:00+00:00,2026-03-10 16:00:00+00:00,SELL,12.264015,12.268015,12.268015,12.256015000000001,0.01,SL,-3.9999999999995595,30879.99999999954,0.23441007733345032
GBPSEK,2026-03-10 16:00:00+00:00,2026-03-10 17:00:00+00:00,SELL,12.273275,12.277275,12.277275,12.265275,0.01,SL,-3.9999999999995595,30875.99999999954,0.2344222217798233
GBPSEK,2026-03-10 17:00:00+00:00,2026-03-10 18:00:00+00:00,SELL,12.287475,12.291475,12.291475,12.279475000000001,0.01,SL,-3.9999999999995595,30871.99999999954,0.2360018938779831
GBPSEK,2026-03-10 18:00:00+00:00,2026-03-10 19:00:00+00:00,SELL,12.299245,12.291245000000002,12.303245,12.291245000000002,0.01,TP,7.999999999999119,30879.99999999954,0.23384708166122437
GBPNOK,2026-03-10 19:00:00+00:00,2026-03-10 20:00:00+00:00,SELL,12.945655,12.937655000000001,12.949655,12.937655000000001,0.01,TP,7.999999999999119,30887.99999999954,0.23290249705314636
GBPNOK,2026-03-10 20:00:00+00:00,2026-03-10 21:00:00+00:00,SELL,12.929425,12.933425,12.933425,12.921425000000001,0.01,SL,-3.9999999999995595,30883.99999999954,0.22228968143463135
GBPNOK,2026-03-10 21:00:00+00:00,2026-03-10 22:00:00+00:00,SELL,12.923735,12.927735,12.927735,12.915735000000002,0.01,SL,-3.9999999999995595,30879.99999999954,0.22165769338607788
GBPNOK,2026-03-10 22:00:00+00:00,2026-03-10 23:00:00+00:00,SELL,12.916745,12.920745,12.920745,12.908745000000001,0.01,SL,-3.9999999999995595,30875.99999999954,0.2218971997499466
GBPNOK,2026-03-10 23:00:00+00:00,2026-03-11 00:00:00+00:00,SELL,12.91638,12.92038,12.92038,12.908380000000001,0.01,SL,-3.9999999999995595,30871.99999999954,0.22174397110939026
GBPNOK,2026-03-11 00:00:00+00:00,2026-03-11 01:00:00+00:00,SELL,12.927025,12.931025,12.931025,12.919025000000001,0.01,SL,-3.9999999999995595,30867.99999999954,0.22019565105438232
GBPNOK,2026-03-11 01:00:00+00:00,2026-03-11 02:00:00+00:00,SELL,12.933735,12.937735,12.937735,12.925735000000001,0.01,SL,-3.9999999999995595,30863.99999999954,0.23603682219982147
AUDSEK,2026-03-11 02:00:00+00:00,2026-03-11 03:00:00+00:00,SELL,6.539405,6.543405,6.543405,6.531405,0.01,SL,-3.9999999999995595,30859.99999999954,0.22644995152950287
AUDSEK,2026-03-11 03:00:00+00:00,2026-03-11 04:00:00+00:00,SELL,6.549735,6.553735,6.553735,6.541735,0.01,SL,-3.9999999999995595,30855.99999999954,0.22654509544372559
GBPNOK,2026-03-11 04:00:00+00:00,2026-03-11 05:00:00+00:00,SELL,12.925495,12.929495,12.929495,12.917495,0.01,SL,-3.9999999999995595,30851.99999999954,0.23479188978672028
GBPNOK,2026-03-11 05:00:00+00:00,2026-03-11 06:00:00+00:00,SELL,12.929745,12.933745,12.933745,12.921745000000001,0.01,SL,-3.9999999999995595,30847.99999999954,0.2339492291212082
GBPNOK,2026-03-11 06:00:00+00:00,2026-03-11 07:00:00+00:00,SELL,12.935745,12.939745,12.939745,12.927745000000002,0.01,SL,-3.9999999999995595,30843.99999999954,0.23363958299160004
GBPNOK,2026-03-11 07:00:00+00:00,2026-03-11 08:00:00+00:00,SELL,12.939935,12.931935000000001,12.943935,12.931935000000001,0.01,TP,7.999999999999119,30851.99999999954,0.23352697491645813
GBPNOK,2026-03-11 08:00:00+00:00,2026-03-11 09:00:00+00:00,SELL,12.924285,12.928284999999999,12.928284999999999,12.916285,0.01,SL,-3.9999999999995595,30847.99999999954,0.23009967803955078
GBPNOK,2026-03-11 09:00:00+00:00,2026-03-11 10:00:00+00:00,SELL,12.918615,12.922615,12.922615,12.910615000000002,0.01,SL,-3.9999999999995595,30843.99999999954,0.23017266392707825
GBPNOK,2026-03-11 10:00:00+00:00,2026-03-11 11:00:00+00:00,SELL,12.90785,12.91185,12.91185,12.89985,0.01,SL,-3.9999999999995595,30839.99999999954,0.22925114631652832
GBPNOK,2026-03-11 11:00:00+00:00,2026-03-11 12:00:00+00:00,SELL,12.920525,12.924525,12.924525,12.912525,0.01,SL,-3.9999999999995595,30835.99999999954,0.23020604252815247
GBPNOK,2026-03-11 12:00:00+00:00,2026-03-11 13:00:00+00:00,SELL,12.954425,12.958425,12.958425,12.946425000000001,0.01,SL,-3.9999999999995595,30831.99999999954,0.22966676950454712
GBPNOK,2026-03-11 13:00:00+00:00,2026-03-11 14:00:00+00:00,SELL,12.923415,12.927415,12.927415,12.915415000000001,0.01,SL,-3.9999999999995595,30827.99999999954,0.23023398220539093
GBPNOK,2026-03-11 14:00:00+00:00,2026-03-11 15:00:00+00:00,SELL,12.921835,12.925835,12.925835,12.913835,0.01,SL,-3.9999999999995595,30823.99999999954,0.23097369074821472
GBPNOK,2026-03-11 15:00:00+00:00,2026-03-11 16:00:00+00:00,SELL,12.930295000000001,12.934295,12.934295,12.922295000000002,0.01,SL,-3.9999999999995595,30819.99999999954,0.2311791628599167
GBPNOK,2026-03-11 16:00:00+00:00,2026-03-11 17:00:00+00:00,SELL,12.926955,12.930954999999999,12.930954999999999,12.918955,0.01,SL,-3.9999999999995595,30815.99999999954,0.2318316102027893
GBPNOK,2026-03-11 17:00:00+00:00,2026-03-11 18:00:00+00:00,SELL,12.926065,12.930064999999999,12.930064999999999,12.918065,0.01,SL,-3.9999999999995595,30811.99999999954,0.23234941065311432
GBPNOK,2026-03-11 18:00:00+00:00,2026-03-11 19:00:00+00:00,SELL,12.939825,12.943825,12.943825,12.931825000000002,0.01,SL,-3.9999999999995595,30807.99999999954,0.2340344339609146
GBPNOK,2026-03-11 19:00:00+00:00,2026-03-11 20:00:00+00:00,SELL,12.945315,12.949315,12.949315,12.937315000000002,0.01,SL,-3.9999999999995595,30803.99999999954,0.23518608510494232
GBPNOK,2026-03-11 20:00:00+00:00,2026-03-11 21:00:00+00:00,SELL,12.945495,12.949494999999999,12.949494999999999,12.937495,0.01,SL,-3.9999999999995595,30799.99999999954,0.23706352710723877
GBPNOK,2026-03-11 21:00:00+00:00,2026-03-11 22:00:00+00:00,SELL,12.947315,12.951315,12.951315,12.939315,0.01,SL,-3.9999999999995595,30795.99999999954,0.24137195944786072
GBPNOK,2026-03-11 22:00:00+00:00,2026-03-11 23:00:00+00:00,SELL,12.921315,12.925315,12.925315,12.913315,0.01,SL,-3.9999999999995595,30791.99999999954,0.24616003036499023
SEKJPY,2026-02-09 17:00:00+00:00,2026-03-11 23:00:00+00:00,SELL,17.468,17.2125,17.868,16.668,0.01,EOD,255.5000000000014,31047.49999999954,0.2497330904006958
NOKJPY,2026-03-02 00:00:00+00:00,2026-03-11 23:00:00+00:00,SELL,16.4015,16.478,16.801499999999997,15.601499999999998,0.01,EOD,-76.5000000000029,30970.999999999538,0.2533319294452667
CHFNOK,2026-03-11 23:00:00+00:00,2026-03-11 23:00:00+00:00,SELL,12.321055,12.321064999999999,12.325054999999999,12.313055,0.01,EOD,-0.009999999999621423,30970.98999999954,0.24668143689632416
